epoch,train_loss,test_rmse
1,10808453.0,3281.388671875
2,10795686.0,3275.390625
3,10756340.0,3261.291259765625
4,10664141.0,3233.592041015625
5,10484182.0,3184.873046875
6,10171387.0,3105.299560546875
7,9670713.0,2982.266845703125
8,8921506.0,2800.18310546875
9,7868200.0,2540.41748046875
10,6480144.0,2183.972412109375
11,4794777.5,1725.7181396484375
12,3000562.75,1252.79248046875
13,1587212.125,1232.567138671875
14,1528822.5,1754.654541015625
15,3079407.75,1871.958984375
16,3502496.25,1622.7684326171875
17,2634269.5,1268.4102783203125
18,1614042.75,1030.9580078125
19,1072066.625,1014.8059692382812
20,1042028.25,1126.134033203125
21,1282312.5,1241.4310302734375
22,1556348.125,1309.0172119140625
23,1729096.875,1317.7486572265625
24,1751845.125,1270.4111328125
25,1628643.25,1176.165283203125
26,1396900.0,1052.3509521484375
27,1119334.75,931.6295166015625
28,877716.625,864.596435546875
29,754823.4375,888.109375
30,793411.0625,971.85302734375
31,946856.75,1040.836181640625
32,1084220.875,1043.9248046875
33,1090332.625,981.479736328125
34,964579.25,893.6492919921875
35,801249.8125,830.5662841796875
36,694015.75,818.0607299804688
37,674760.3125,843.6668701171875
38,718310.0625,877.7020874023438
39,777468.625,897.5104370117188
40,812779.0625,893.7058715820312
41,805723.9375,867.9237670898438
42,759735.5,830.2096557617188
43,694866.75,796.2794189453125
44,638696.875,781.2481689453125
45,613968.4375,789.4763793945312
46,625988.5,809.7266235351562
47,657715.5625,823.783203125
48,680351.75,820.4065551757812
49,674810.5,802.0034790039062
50,645224.6875,780.8148803710938
51,612103.5,768.948974609375
52,594162.6875,770.0498657226562
53,596249.5,778.8477172851562
54,610158.125,787.0145874023438
55,623089.9375,788.784912109375
56,625881.375,783.2229614257812
57,617011.875,773.7073974609375
58,601970.625,765.6547241210938
59,589288.6875,763.1991577148438
60,585235.4375,766.4527587890625
61,589949.5,771.5682983398438
62,597632.5,773.8701782226562
63,601109.8125,771.3895263671875
64,597306.0625,765.9066162109375
65,588997.75,761.020263671875
66,581712.0625,759.2078247070312
67,579144.5,760.2935180664062
68,580954.5625,762.1801147460938
69,583930.75,762.7067260742188
70,584764.9375,761.0713500976562
71,582230.5,758.0925903320312
72,577600.8125,755.4215698242188
73,573414.9375,754.303466796875
74,571573.5,754.7156372070312
75,572061.5625,755.51123046875
76,573174.875,755.4276733398438
77,573021.75,754.0767822265625
78,571018.6875,752.1082763671875
79,568141.4375,750.533203125
80,565891.875,749.884521484375
81,565039.625,749.9138793945312
82,565184.0,749.9422607421875
83,565288.1875,749.4530639648438
84,564570.0625,748.4442749023438
85,563029.5625,747.3385009765625
86,561312.9375,746.5908203125
87,560117.125,746.3215942382812
88,559640.8125,746.260986328125
89,559497.8125,746.0108642578125
90,559105.5,745.3865966796875
91,558190.75,744.531494140625
92,556962.4375,743.7460327148438
93,555855.125,743.2161865234375
94,555129.5625,742.889404296875
95,554692.0,742.5662231445312
96,554236.0625,742.0923461914062
97,553528.9375,741.4769287109375
98,552586.9375,740.8545532226562
99,551618.0,740.3506469726562
100,550818.5625,739.9743041992188
101,550213.5,739.6220092773438
102,549658.75,739.1825561523438
103,548994.25,738.6314697265625
104,548184.375,738.0389404296875
105,547327.625,737.494384765625
106,546547.875,737.0289306640625
107,545881.9375,736.6033325195312
108,545264.625,736.1565551757812
109,544601.875,735.6647338867188
110,543858.75,735.1554565429688
111,543079.0625,734.6724853515625
112,542333.3125,734.2318725585938
113,541651.5625,733.8086547851562
114,541002.875,733.3639526367188
115,540333.5,732.8807983398438
116,539619.6875,732.375732421875
117,538883.125,731.87890625
118,538163.9375,731.4057006835938
119,537479.8125,730.94775390625
120,536814.0625,730.4869384765625
121,536137.3125,730.0152587890625
122,535437.8125,729.5401611328125
123,534727.75,729.0740356445312
124,534028.5625,728.62060546875
125,533348.75,728.1707763671875
126,532678.6875,727.7118530273438
127,532002.0,727.2396240234375
128,531312.3125,726.7603759765625
129,530617.3125,726.2841186523438
130,529929.625,725.8157348632812
131,529253.0,725.3519287109375
132,528581.0,724.8876953125
133,527904.6875,724.421630859375
134,527222.125,723.9564208984375
135,526538.3125,723.4957885742188
136,525860.6875,723.038330078125
137,525189.375,722.580078125
138,524519.8125,722.1177368164062
139,523848.15625,721.6510620117188
140,523174.03125,721.1832275390625
141,522501.03125,720.7180786132812
142,521832.59375,720.2559204101562
143,521167.6875,719.7963256835938
144,520504.71875,719.337646484375
145,519840.9375,718.8800048828125
146,519177.03125,718.4252319335938
147,518516.46875,717.97265625
148,517859.5,717.5209350585938
149,517205.25,717.068359375
150,516551.875,716.6146850585938
151,515899.15625,716.1614379882812
152,515248.8125,715.709716796875
153,514601.5,715.2605590820312
154,513958.03125,714.8154907226562
155,513319.6875,714.3727416992188
156,512683.5625,713.9317016601562
157,512048.90625,713.49267578125
158,511416.84375,713.055419921875
159,510787.65625,712.620361328125
160,510162.34375,712.1865844726562
161,509539.9375,711.7533569335938
162,508919.4375,711.3213500976562
163,508301.8125,710.89013671875
164,507685.9375,710.460693359375
165,507072.96875,710.0327758789062
166,506461.96875,709.60693359375
167,505853.9375,709.1827392578125
168,505248.125,708.7604370117188
169,504645.1875,708.340087890625
170,504045.65625,707.9210815429688
171,503448.65625,707.5025634765625
172,502853.59375,707.085205078125
173,502261.03125,706.6683959960938
174,501670.34375,706.2547607421875
175,501084.53125,705.84228515625
176,500500.625,705.4302978515625
177,499917.53125,705.0208740234375
178,499338.25,704.6130981445312
179,498761.25,704.2073974609375
180,498187.8125,703.8037109375
181,497617.75,703.4013671875
182,497050.5625,703.0007934570312
183,496486.625,702.6016235351562
184,495925.5,702.2046508789062
185,495368.15625,701.8096313476562
186,494813.65625,701.4163818359375
187,494261.875,701.0255737304688
188,493713.71875,700.6351318359375
189,493166.25,700.2476806640625
190,492622.90625,699.8615112304688
191,492081.90625,699.4776000976562
192,491544.75,699.095703125
193,491010.90625,698.7166137695312
194,490481.53125,698.3375854492188
195,489953.0,697.9615478515625
196,489429.3125,697.5874633789062
197,488908.84375,697.2154541015625
198,488391.5625,696.8449096679688
199,487876.90625,696.47509765625
200,487363.71875,696.1077270507812
201,486854.40625,695.7418212890625
202,486347.59375,695.3775024414062
203,485843.46875,695.0149536132812
204,485341.84375,694.653076171875
205,484841.25,694.29296875
206,484342.90625,693.9339599609375
207,483846.21875,693.5761108398438
208,483352.15625,693.2177734375
209,482858.3125,692.8604125976562
210,482365.75,692.5042724609375
211,481873.78125,692.1488647460938
212,481382.71875,691.7962646484375
213,480894.9375,691.4444580078125
214,480409.9375,691.0962524414062
215,479930.09375,690.7526245117188
216,479456.40625,690.4139404296875
217,478989.53125,690.07958984375
218,478528.28125,689.7492065429688
219,478072.4375,689.4210815429688
220,477620.40625,689.0960083007812
221,477172.84375,688.7734375
222,476728.03125,688.45458984375
223,476287.96875,688.137939453125
224,475850.9375,687.8241577148438
225,475417.5625,687.512451171875
226,474987.125,687.2012939453125
227,474557.78125,686.8917236328125
228,474131.125,686.5850219726562
229,473708.34375,686.2792358398438
230,473286.78125,685.9763793945312
231,472869.3125,685.6755981445312
232,472454.84375,685.3765258789062
233,472042.6875,685.0796508789062
234,471633.6875,684.78759765625
235,471231.125,684.4993896484375
236,470833.59375,684.2154541015625
237,470442.15625,683.9342651367188
238,470054.5,683.6558227539062
239,469670.21875,683.3803100585938
240,469290.0,683.1077880859375
241,468914.09375,682.8388061523438
242,468543.125,682.5723266601562
243,468175.78125,682.3085327148438
244,467812.5625,682.0472412109375
245,467452.84375,681.7880859375
246,467096.0,681.5316162109375
247,466742.90625,681.2777709960938
248,466393.4375,681.0266723632812
249,466047.5625,680.7777099609375
250,465705.03125,680.53125
251,465366.15625,680.2874145507812
252,465031.125,680.0458984375
253,464699.6875,679.806640625
254,464371.65625,679.5697631835938
255,464047.28125,679.3353881835938
256,463726.375,679.103271484375
257,463408.9375,678.8737182617188
258,463095.5,678.646484375
259,462785.1875,678.4212646484375
260,462477.90625,678.1978759765625
261,462173.25,677.9763793945312
262,461871.375,677.7568359375
263,461571.96875,677.5390625
264,461275.15625,677.3232421875
265,460981.0625,677.1097412109375
266,460690.40625,676.8975830078125
267,460401.71875,676.6870727539062
268,460115.5625,676.47802734375
269,459831.5,676.2708740234375
270,459550.40625,676.0652465820312
271,459271.40625,675.8611450195312
272,458994.3125,675.6586303710938
273,458719.375,675.4576416015625
274,458446.4375,675.258056640625
275,458175.375,675.059326171875
276,457905.8125,674.862060546875
277,457637.96875,674.6658325195312
278,457371.8125,674.4700927734375
279,457106.59375,674.2757568359375
280,456843.125,674.0827026367188
281,456581.25,673.8916015625
282,456321.59375,673.7021484375
283,456064.1875,673.514404296875
284,455808.8125,673.3283081054688
285,455555.59375,673.1432495117188
286,455304.03125,672.959228515625
287,455053.8125,672.7763671875
288,454805.34375,672.5952758789062
289,454559.34375,672.4143676757812
290,454313.875,672.2350463867188
291,454070.65625,672.0576171875
292,453829.8125,671.8811645507812
293,453590.1875,671.7059326171875
294,453351.875,671.5320434570312
295,453115.40625,671.3594360351562
296,452881.0625,671.1876220703125
297,452648.28125,671.0162353515625
298,452416.25,670.84619140625
299,452186.0,670.6774291992188
300,451957.78125,670.5097045898438
301,451731.09375,670.343017578125
302,451506.0625,670.17724609375
303,451282.46875,670.012451171875
304,451060.375,669.8487548828125
305,450839.75,669.685791015625
306,450620.15625,669.5238647460938
307,450401.75,669.36328125
308,450185.0625,669.2035522460938
309,449969.65625,669.0445556640625
310,449755.46875,668.8862915039062
311,449542.5625,668.7285766601562
312,449330.375,668.5717163085938
313,449119.5,668.4161376953125
314,448910.53125,668.2617797851562
315,448703.3125,668.1073608398438
316,448496.125,667.954345703125
317,448290.9375,667.8017578125
318,448086.15625,667.6504516601562
319,447883.09375,667.4994506835938
320,447680.53125,667.3493041992188
321,447479.125,667.2001953125
322,447279.25,667.051513671875
323,447079.75,666.9039916992188
324,446881.6875,666.7570190429688
325,446684.59375,666.6104125976562
326,446488.03125,666.4650268554688
327,446293.0625,666.3203735351562
328,446098.875,666.1763305664062
329,445905.46875,666.0328369140625
330,445712.84375,665.8905639648438
331,445521.46875,665.7481079101562
332,445330.15625,665.6068725585938
333,445140.375,665.466064453125
334,444951.40625,665.3258666992188
335,444763.0,665.1862182617188
336,444575.5625,665.0470581054688
337,444388.875,664.9087524414062
338,444203.40625,664.7708740234375
339,444018.625,664.6334838867188
340,443834.78125,664.4967041015625
341,443651.5625,664.3602905273438
342,443468.875,664.224365234375
343,443286.8125,664.08935546875
344,443105.625,663.9546508789062
345,442924.875,663.8204956054688
346,442744.9375,663.6876220703125
347,442567.1875,663.5559692382812
348,442391.21875,663.4244995117188
349,442215.75,663.29345703125
350,442040.9375,663.1631469726562
351,441866.9375,663.033447265625
352,441693.46875,662.9044189453125
353,441520.5625,662.7760009765625
354,441348.28125,662.6480102539062
355,441176.53125,662.5204467773438
356,441005.21875,662.3929443359375
357,440834.1875,662.2658081054688
358,440663.84375,662.1387939453125
359,440493.46875,662.0123291015625
360,440323.6875,661.885986328125
361,440153.78125,661.7605590820312
362,439984.90625,661.63427734375
363,439815.125,661.5078735351562
364,439645.40625,661.381103515625
365,439475.59375,661.2540893554688
366,439305.625,661.127197265625
367,439135.90625,660.9996948242188
368,438965.4375,660.8717651367188
369,438794.21875,660.743896484375
370,438623.03125,660.6153564453125
371,438450.96875,660.4862060546875
372,438277.96875,660.3563842773438
373,438104.09375,660.2260131835938
374,437929.40625,660.0946655273438
375,437753.46875,659.9614868164062
376,437575.25,659.8274536132812
377,437395.6875,659.69189453125
378,437214.125,659.5550537109375
379,437030.96875,659.4169311523438
380,436845.71875,659.2769165039062
381,436658.0625,659.135498046875
382,436468.34375,658.9906005859375
383,436274.21875,658.8447265625
384,436078.53125,658.6962280273438
385,435879.25,658.5471801757812
386,435679.59375,658.3946533203125
387,435475.625,658.2410278320312
388,435270.03125,658.0859375
389,435062.5,657.927978515625
390,434851.09375,657.7685546875
391,434638.15625,657.606689453125
392,434422.40625,657.4420776367188
393,434203.4375,657.2763671875
394,433982.71875,657.1088256835938
395,433759.25,656.938720703125
396,433532.28125,656.7682495117188
397,433305.375,656.5943603515625
398,433075.0,656.4177856445312
399,432841.40625,656.240478515625
400,432606.6875,656.061279296875
401,432369.5,655.8800659179688
402,432130.0625,655.6997680664062
403,431891.90625,655.5150146484375
404,431648.25,655.3281860351562
405,431402.375,655.1393432617188
406,431154.0625,654.9463500976562
407,430900.09375,654.7550048828125
408,430647.78125,654.5574951171875
409,430388.125,654.3589477539062
410,430127.5,654.1571044921875
411,429862.75,653.9515991210938
412,429593.46875,653.7443237304688
413,429321.875,653.5326538085938
414,429045.0625,653.3177490234375
415,428764.34375,653.1014404296875
416,428481.28125,652.8809204101562
417,428192.4375,652.65673828125
418,427898.9375,652.4290161132812
419,427601.40625,652.1970825195312
420,427298.84375,651.9619140625
421,426992.59375,651.7230224609375
422,426681.21875,651.4815063476562
423,426366.15625,651.2354125976562
424,426045.03125,650.9843139648438
425,425717.5,650.7303466796875
426,425386.21875,650.4697875976562
427,425046.4375,650.20947265625
428,424706.75,649.9400634765625
429,424356.09375,649.6644897460938
430,423997.625,649.3873291015625
431,423638.3125,649.1012573242188
432,423264.78125,648.8057250976562
433,422887.0,648.5015258789062
434,422492.40625,648.1883544921875
435,422074.84375,647.8619384765625
436,421643.28125,647.5064086914062
437,421192.09375,647.1381225585938
438,420712.8125,646.6683349609375
439,420091.28125,646.4430541992188
440,419809.5625,645.7730102539062
441,418975.4375,645.6631469726562
442,418870.28125,644.7835693359375
443,417700.71875,644.6409912109375
444,417483.3125,643.8756713867188
445,416498.84375,643.3790893554688
446,415887.25,642.78955078125
447,415130.59375,642.025390625
448,414125.0625,641.5585327148438
449,413521.5625,640.6028442382812
450,412318.0,640.0454711914062
451,411629.5625,639.0420532226562
452,410325.125,638.2720336914062
453,409302.21875,637.3212890625
454,408076.84375,636.287353515625
455,406789.15625,635.3651123046875
456,405623.5,634.410400390625
457,404369.3125,633.3167114257812
458,402993.78125,632.2246704101562
459,401663.59375,631.0424194335938
460,400168.5,629.929443359375
461,398735.15625,628.643310546875
462,397134.625,627.3890380859375
463,395599.90625,626.0560913085938
464,393911.03125,624.7725219726562
465,392256.34375,623.3500366210938
466,390473.6875,621.9320068359375
467,388725.4375,620.43505859375
468,386844.375,618.955322265625
469,384989.28125,617.3399658203125
470,383021.71875,615.74169921875
471,381090.09375,614.0755615234375
472,379034.28125,612.4216918945312
473,376989.65625,610.6532592773438
474,374839.4375,608.8790893554688
475,372677.625,607.0510864257812
476,370419.71875,605.1959228515625
477,368150.0625,603.2391357421875
478,365801.21875,601.2462158203125
479,363403.15625,599.2030029296875
480,360928.8125,597.0947875976562
481,358400.1875,594.9248657226562
482,355817.1875,592.7190551757812
483,353167.28125,590.4572143554688
484,350449.65625,588.1279296875
485,347670.03125,585.74853515625
486,344835.875,583.31396484375
487,341940.65625,580.7882080078125
488,338976.375,578.214599609375
489,335971.9375,575.5999145507812
490,332910.09375,572.9163818359375
491,329801.75,570.1950073242188
492,326654.59375,567.443115234375
493,323464.625,564.6107177734375
494,320230.84375,561.7421875
495,316963.96875,558.8396606445312
496,313671.375,555.87109375
497,310347.25,552.8748779296875
498,306996.3125,549.8612060546875
499,303635.78125,546.8040771484375
500,300271.5,543.7278442382812
501,296867.53125,540.584716796875
502,293455.8125,537.4418334960938
503,290046.78125,534.296875
504,286656.25,531.1192626953125
505,283269.3125,527.9515991210938
506,279866.1875,524.7377319335938
507,276471.8125,521.53271484375
508,273113.21875,518.3563842773438
509,269770.65625,515.1240234375
510,266440.40625,511.94793701171875
511,263150.5625,508.7924499511719
512,259907.546875,505.6366882324219
513,256715.453125,502.5404968261719
514,253553.875,499.40667724609375
515,250437.0,496.3562316894531
516,247366.375,493.2735595703125
517,244333.6875,490.2640686035156
518,241349.0,487.264892578125
519,238421.0,484.315185546875
520,235548.140625,481.4206237792969
521,232742.171875,478.5531921386719
522,230006.109375,475.92742919921875
523,227432.203125,473.44415283203125
524,225188.21875,471.96661376953125
525,223570.046875,470.00653076171875
526,222007.875,467.02764892578125
527,218904.109375,462.82904052734375
528,215164.03125,460.8460388183594
529,213358.0,459.9926452636719
530,212346.609375,456.87738037109375
531,209738.234375,453.8155822753906
532,206817.984375,452.27008056640625
533,205349.25,451.02044677734375
534,204408.5,448.94097900390625
535,202302.40625,445.9227600097656
536,199745.65625,444.2235412597656
537,198238.203125,443.4225158691406
538,197354.140625,441.3218078613281
539,195690.875,439.1474304199219
540,193626.953125,437.42578125
541,192121.4375,436.2141418457031
542,191152.046875,435.24627685546875
543,190135.703125,433.3667297363281
544,188645.75,431.72265625
545,187095.296875,430.23272705078125
546,185838.484375,429.04974365234375
547,184852.65625,428.14373779296875
548,183959.015625,426.9593505859375
549,183046.296875,425.9144287109375
550,182021.8125,424.53271484375
551,180944.78125,423.44781494140625
552,179924.140625,422.31829833984375
553,178992.609375,421.3609313964844
554,178171.890625,420.4748229980469
555,177392.078125,419.6131286621094
556,176678.515625,418.88720703125
557,176009.953125,418.1355285644531
558,175447.046875,417.7387390136719
559,174976.140625,417.1869201660156
560,174667.890625,417.45794677734375
561,174673.046875,417.4986267089844
562,174963.328125,418.7000427246094
563,175590.984375,418.3480224609375
564,175698.453125,417.9602966308594
565,174939.53125,414.91845703125
566,172760.890625,412.75439453125
567,170751.703125,411.6904602050781
568,169927.84375,412.01617431640625
569,170307.234375,413.25836181640625
570,171077.140625,412.9137268066406
571,171114.390625,412.20526123046875
572,170215.9375,410.09356689453125
573,168715.15625,408.86370849609375
574,167582.9375,408.43463134765625
575,167231.640625,408.5604248046875
576,167440.328125,409.136474609375
577,167704.140625,408.5755615234375
578,167489.515625,408.085205078125
579,166867.140625,406.75262451171875
580,165962.0,405.9449768066406
581,165201.53125,405.36956787109375
582,164767.09375,405.14874267578125
583,164635.9375,405.2908020019531
584,164633.8125,405.078125
585,164610.953125,405.09564208984375
586,164444.46875,404.4248046875
587,164078.59375,404.0683288574219
588,163617.9375,403.2439880371094
589,163093.328125,402.7536315917969
590,162585.4375,402.1270751953125
591,162159.671875,401.7142333984375
592,161786.40625,401.3167419433594
593,161481.734375,400.9881286621094
594,161237.34375,400.79632568359375
595,161029.90625,400.4658508300781
596,160839.765625,400.3860168457031
597,160682.953125,400.1386413574219
598,160598.453125,400.3138732910156
599,160595.171875,400.2794189453125
600,160744.34375,401.0389099121094
601,161131.078125,401.4352722167969
602,161704.875,402.8467712402344
603,162520.375,403.1142883300781
604,163086.953125,404.0541687011719
605,163467.21875,402.5470275878906
606,162623.953125,400.9536437988281
607,161016.9375,397.98834228515625
608,158909.828125,396.4041748046875
609,157533.796875,396.1291809082031
610,157321.78125,396.8033142089844
611,157973.765625,398.06890869140625
612,158772.5,398.0384826660156
613,158993.1875,397.8397521972656
614,158582.84375,396.16259765625
615,157475.578125,394.9637145996094
616,156376.109375,394.0531005859375
617,155727.015625,393.8797302246094
618,155609.03125,394.28173828125
619,155841.234375,394.5192565917969
620,156163.71875,394.9544982910156
621,156325.46875,394.5157165527344
622,156169.265625,394.2236633300781
623,155758.96875,393.2633056640625
624,155159.21875,392.6329345703125
625,154544.40625,391.92523193359375
626,154060.75,391.6217041015625
627,153810.78125,391.5908508300781
628,153755.59375,391.5676574707031
629,153809.859375,391.8240661621094
630,153905.71875,391.737548828125
631,153966.9375,392.01202392578125
632,154032.796875,391.88153076171875
633,154090.25,392.18695068359375
634,154145.859375,391.8875732421875
635,154102.09375,392.0233459472656
636,154013.9375,391.42889404296875
637,153744.921875,391.2217712402344
638,153397.984375,390.4195861816406
639,152945.265625,389.9635009765625
640,152451.765625,389.16680908203125
641,151951.0,388.7483825683594
642,151544.171875,388.3036193847656
643,151246.890625,388.073486328125
644,151052.421875,387.93994140625
645,150935.609375,387.8182678222656
646,150876.953125,387.9096984863281
647,150880.125,387.8828125
648,150945.015625,388.2744445800781
649,151132.671875,388.6161804199219
650,151542.859375,389.8607177734375
651,152309.03125,390.9714660644531
652,153412.953125,393.8972473144531
653,155381.640625,396.0149230957031
654,157419.1875,399.5481262207031
655,159768.703125,398.748046875
656,159597.765625,396.5829162597656
657,157439.40625,390.2058410644531
658,152792.75,386.1793518066406
659,149507.28125,385.9518737792969
660,149344.359375,388.53729248046875
661,151507.515625,391.6702880859375
662,153670.59375,390.8039245605469
663,153309.265625,388.5622253417969
664,151286.890625,385.3017272949219
665,148937.578125,384.5745544433594
666,148343.515625,386.1585693359375
667,149459.328125,387.4303283691406
668,150629.671875,387.82415771484375
669,150708.34375,385.8445739746094
670,149388.328125,384.2804260253906
671,148065.734375,383.6620788574219
672,147622.75,384.259033203125
673,148140.15625,385.4370422363281
674,148904.65625,385.4500427246094
675,149081.609375,385.0471496582031
676,148597.609375,383.7122802734375
677,147701.375,382.95904541015625
678,147055.546875,382.873046875
679,146984.390625,383.2247619628906
680,147319.765625,383.8275451660156
681,147672.6875,383.7672119140625
682,147758.0,383.6786804199219
683,147555.15625,382.8608093261719
684,147048.046875,382.3133239746094
685,146551.15625,381.8800964355469
686,146251.984375,381.8264465332031
687,146218.21875,382.0636901855469
688,146352.0625,382.1502990722656
689,146499.171875,382.35882568359375
690,146560.53125,382.1546936035156
691,146509.515625,382.1510925292969
692,146404.6875,381.77301025390625
693,146216.046875,381.6058044433594
694,145997.46875,381.16009521484375
695,145731.96875,380.92138671875
696,145494.375,380.6405029296875
697,145313.046875,380.5053405761719
698,145200.875,380.4464111328125
699,145146.375,380.3870849609375
700,145131.046875,380.466796875
701,145145.3125,380.4825134277344
702,145218.671875,380.7816162109375
703,145364.28125,380.91705322265625
704,145568.34375,381.62591552734375
705,145974.9375,382.0301513671875
706,146435.984375,383.3884582519531
707,147280.71875,384.1383361816406
708,148076.03125,386.060791015625
709,149281.59375,386.47265625
710,149893.1875,387.7464294433594
711,150555.859375,386.3750305175781
712,149814.671875,385.4180908203125
713,148785.609375,382.37713623046875
714,146703.6875,380.2564392089844
715,144930.203125,378.82708740234375
716,143932.515625,378.93408203125
717,144035.90625,380.13995361328125
718,144857.125,381.0814514160156
719,145725.28125,382.2627258300781
720,146427.8125,381.9195251464844
721,146365.203125,381.5872802734375
722,145904.921875,380.0167236328125
723,144877.96875,378.9234619140625
724,143934.09375,378.0224304199219
725,143322.59375,377.8753662109375
726,143215.328125,378.31622314453125
727,143506.453125,378.7927551269531
728,143961.875,379.6379699707031
729,144471.03125,379.7955017089844
730,144735.84375,380.2348327636719
731,144896.03125,379.7362976074219
732,144671.5625,379.5125427246094
733,144339.171875,378.573486328125
734,143761.578125,377.9701232910156
735,143204.59375,377.2682800292969
736,142753.140625,376.9649353027344
737,142495.96875,376.83642578125
738,142412.34375,376.86285400390625
739,142461.3125,377.12841796875
740,142607.546875,377.3034362792969
741,142811.703125,377.9089660644531
742,143158.609375,378.2625427246094
743,143544.15625,379.1833190917969
744,144081.703125,379.51123046875
745,144503.859375,380.5238037109375
746,145079.421875,380.5616455078125
747,145321.234375,381.2493591308594
748,145623.828125,380.5520324707031
749,145320.484375,380.28546142578125
750,144903.84375,378.83013916015625
751,143989.796875,377.9120788574219
752,143132.625,376.56494140625
753,142234.953125,375.89990234375
754,141664.265625,375.49212646484375
755,141389.5,375.51025390625
756,141417.328125,375.94287109375
757,141691.828125,376.3388977050781
758,142074.71875,377.2450256347656
759,142634.375,377.689453125
760,143107.21875,378.6908264160156
761,143687.375,378.8010559082031
762,143950.765625,379.3551940917969
763,144173.28125,378.69073486328125
764,143864.453125,378.3970031738281
765,143459.640625,377.13299560546875
766,142672.359375,376.39605712890625
767,141985.28125,375.3545837402344
768,141308.40625,374.8492126464844
769,140858.90625,374.4302673339844
770,140582.84375,374.3025207519531
771,140473.875,374.34619140625
772,140488.78125,374.4653015136719
773,140613.171875,374.86651611328125
774,140844.359375,375.1629333496094
775,141151.84375,375.9500427246094
776,141627.484375,376.4882507324219
777,142169.625,377.8973388671875
778,143063.25,378.7980651855469
779,143939.234375,380.882080078125
780,145286.296875,381.78363037109375
781,146226.65625,383.52490234375
782,147262.0625,382.6426086425781
783,146879.1875,381.8603515625
784,145997.484375,378.54345703125
785,143721.890625,375.927001953125
786,141577.921875,373.6873779296875
787,140009.546875,373.2951354980469
788,139707.921875,374.3922424316406
789,140470.625,375.71533203125
790,141586.46875,377.3660888671875
791,142654.21875,377.3904724121094
792,142855.25,377.188232421875
793,142503.015625,375.4512939453125
794,141354.890625,374.13006591796875
795,140243.765625,372.90850830078125
796,139406.34375,372.6325988769531
797,139193.359375,373.12542724609375
798,139528.34375,373.8067321777344
799,140123.78125,374.9833068847656
800,140885.140625,375.5169982910156
801,141424.90625,376.3361511230469
802,141861.625,375.8489685058594
803,141654.78125,375.4278869628906
804,141173.140625,374.03167724609375
805,140264.6875,373.1091613769531
806,139477.375,372.2140197753906
807,138879.46875,371.90435791015625
808,138632.9375,371.972412109375
809,138677.984375,372.2326354980469
810,138917.234375,372.8281555175781
811,139282.78125,373.2283020019531
812,139667.8125,373.9214172363281
813,140053.90625,374.0032653808594
814,140236.265625,374.3530578613281
815,140354.875,373.92095947265625
816,140169.0,373.7648010253906
817,139924.296875,373.0234680175781
818,139497.796875,372.6297607421875
819,139107.921875,371.9933776855469
820,138726.734375,371.7040710449219
821,138441.890625,371.3269348144531
822,138213.15625,371.1798400878906
823,138057.359375,370.997802734375
824,137948.71875,370.9202880859375
825,137864.125,370.8110656738281
826,137799.609375,370.759033203125
827,137743.96875,370.6678161621094
828,137692.765625,370.63018798828125
829,137649.578125,370.5561828613281
830,137612.46875,370.55023193359375
831,137585.421875,370.5033264160156
832,137574.0625,370.58282470703125
833,137597.8125,370.6484680175781
834,137688.171875,371.0262145996094
835,137907.1875,371.4715576171875
836,138317.671875,372.84832763671875
837,139227.53125,374.6834716796875
838,140747.65625,378.8373107910156
839,143653.828125,383.9089660644531
840,147790.921875,392.4142761230469
841,154002.96875,398.9591979980469
842,159607.84375,403.3871154785156
843,162651.890625,396.5804748535156
844,157697.328125,383.8666076660156
845,147407.859375,371.4957580566406
846,138301.59375,371.28826904296875
847,138162.078125,380.06884765625
848,144578.125,384.71771240234375
849,148437.796875,381.4786682128906
850,145643.828125,372.5966491699219
851,139159.90625,369.6051025390625
852,136867.296875,374.0898742675781
853,140086.0625,377.5509338378906
854,142883.234375,375.523681640625
855,141144.125,370.3831481933594
856,137462.796875,369.5042724609375
857,136803.609375,372.7107238769531
858,139093.125,374.2022399902344
859,140374.984375,372.5116882324219
860,138949.1875,369.4418640136719
861,136765.765625,369.17633056640625
862,136558.46875,371.1518249511719
863,137941.359375,371.7799377441406
864,138527.5,370.8170166015625
865,137696.984375,368.96527099609375
866,136402.453125,368.7392883300781
867,136232.015625,369.8944396972656
868,137030.734375,370.3962097167969
869,137500.859375,370.06793212890625
870,137154.09375,368.8450622558594
871,136319.71875,368.3311462402344
872,135907.125,368.68243408203125
873,136140.90625,369.1865234375
874,136572.140625,369.4481201171875
875,136686.71875,368.8269958496094
876,136303.015625,368.27532958984375
877,135850.421875,368.0209655761719
878,135679.828125,368.1705322265625
879,135813.828125,368.52301025390625
880,136027.0,368.5154113769531
881,136077.0625,368.4015808105469
882,135928.984375,367.994140625
883,135670.78125,367.7622375488281
884,135475.453125,367.7109680175781
885,135439.375,367.7884521484375
886,135520.15625,367.95928955078125
887,135609.3125,367.9310302734375
888,135634.703125,367.92236328125
889,135581.984375,367.6910705566406
890,135455.203125,367.5531311035156
891,135318.1875,367.3721008300781
892,135203.25,367.2936706542969
893,135134.765625,367.26910400390625
894,135112.984375,367.26837158203125
895,135126.625,367.3414001464844
896,135154.8125,367.3155212402344
897,135166.03125,367.34515380859375
898,135151.734375,367.23016357421875
899,135102.09375,367.186767578125
900,135036.578125,367.04583740234375
901,134959.953125,366.9821472167969
902,134888.359375,366.8722229003906
903,134824.765625,366.8141784667969
904,134770.421875,366.7441101074219
905,134727.78125,366.6984558105469
906,134689.46875,366.6484680175781
907,134654.828125,366.6039733886719
908,134620.28125,366.5591125488281
909,134586.828125,366.51544189453125
910,134553.1875,366.4722595214844
911,134519.78125,366.4282531738281
912,134486.4375,366.3839416503906
913,134454.8125,366.35968017578125
914,134430.953125,366.32940673828125
915,134418.15625,366.37030029296875
916,134430.0,366.4037170410156
917,134480.171875,366.6372375488281
918,134612.484375,366.90716552734375
919,134861.625,367.62249755859375
920,135313.125,368.4347839355469
921,136002.0,370.0281066894531
922,137051.1875,371.6630554199219
923,138411.96875,374.59222412109375
924,140404.875,377.1120910644531
925,142515.984375,380.6376953125
926,144918.078125,382.1810302734375
927,146376.265625,382.8285217285156
928,146566.25,379.4855041503906
929,144309.84375,374.47735595703125
930,140299.25,368.6115417480469
931,136113.875,365.864013671875
932,134031.90625,366.7866516113281
933,134687.453125,369.6281433105469
934,136888.921875,372.32110595703125
935,138716.609375,372.15728759765625
936,138769.34375,370.31671142578125
937,137230.0,367.2308654785156
938,135070.09375,365.6351623535156
939,133847.546875,366.00927734375
940,134112.53125,367.4570007324219
941,135255.015625,368.9331970214844
942,136236.75,368.8097839355469
943,136276.953125,367.83172607421875
944,135440.1875,366.1781311035156
945,134308.9375,365.3003845214844
946,133618.28125,365.3244323730469
947,133629.65625,365.9344482421875
948,134115.96875,366.7239685058594
949,134623.75,366.8039245605469
950,134768.84375,366.7100830078125
951,134615.375,365.9843444824219
952,134161.328125,365.4573669433594
953,133716.671875,364.9460754394531
954,133376.609375,364.7887268066406
955,133250.25,364.8642883300781
956,133296.296875,365.01556396484375
957,133435.875,365.3191833496094
958,133614.984375,365.39129638671875
959,133720.984375,365.53082275390625
960,133763.09375,365.3498840332031
961,133692.21875,365.2728271484375
962,133579.65625,364.965576171875
963,133407.203125,364.8157958984375
964,133255.453125,364.56396484375
965,133105.453125,364.44091796875
966,132990.4375,364.2970886230469
967,132902.5,364.23046875
968,132843.59375,364.1695556640625
969,132801.4375,364.1322021484375
970,132772.96875,364.1211242675781
971,132758.15625,364.1061096191406
972,132759.15625,364.1602783203125
973,132779.359375,364.1860656738281
974,132821.890625,364.3284912109375
975,132892.421875,364.41583251953125
976,132997.453125,364.7410583496094
977,133183.703125,365.00177001953125
978,133436.234375,365.6644287109375
979,133840.796875,366.2543640136719
980,134363.078125,367.4463806152344
981,135121.484375,368.52423095703125
982,136044.375,370.55401611328125
983,137381.359375,372.26800537109375
984,138831.96875,374.96868896484375
985,140630.734375,376.62335205078125
986,142106.6875,378.3965759277344
987,143185.390625,377.7689208984375
988,142971.59375,375.6390686035156
989,141118.21875,371.1020812988281
990,137948.96875,366.96893310546875
991,134753.140625,363.9327087402344
992,132623.921875,363.4732971191406
993,132282.625,365.06817626953125
994,133394.46875,367.0556335449219
995,134953.34375,368.64385986328125
996,135977.296875,368.33697509765625
997,135896.03125,367.0390930175781
998,134801.828125,364.8695373535156
999,133318.359375,363.47576904296875
1000,132248.375,363.1015625
1001,131995.171875,363.7144775390625
1002,132478.0,364.8843994140625
1003,133266.921875,365.5476379394531
1004,133843.78125,365.89349365234375
1005,133987.140625,365.1950988769531
1006,133570.015625,364.38409423828125
1007,132886.5625,363.3373107910156
1008,132182.546875,362.81121826171875
1009,131772.765625,362.769775390625
1010,131747.046875,363.0898742675781
1011,132012.140625,363.77154541015625
1012,132456.546875,364.2023010253906
1013,132837.59375,364.7095031738281
1014,133118.9375,364.6205749511719
1015,133137.828125,364.5595397949219
1016,133001.734375,363.97015380859375
1017,132652.390625,363.5493469238281
1018,132281.078125,362.93414306640625
1019,131891.390625,362.594482421875
1020,131612.921875,362.3197326660156
1021,131437.375,362.2341613769531
1022,131371.171875,362.272216796875
1023,131390.53125,362.3570556640625
1024,131468.90625,362.6050720214844
1025,131615.703125,362.7879333496094
1026,131787.796875,363.1687927246094
1027,132009.34375,363.3999328613281
1028,132240.625,363.9365234375
1029,132559.265625,364.293701171875
1030,132905.890625,365.0819396972656
1031,133383.9375,365.6226501464844
1032,133885.171875,366.6717224121094
1033,134527.703125,367.3655090332031
1034,135167.03125,368.50732421875
1035,135855.84375,368.9855651855469
1036,136362.875,369.6824035644531
1037,136708.296875,369.2971496582031
1038,136593.0625,368.9065856933594
1039,136140.1875,367.3981628417969
1040,135186.578125,366.0290832519531
1041,134049.046875,364.1557312011719
1042,132793.640625,362.78485107421875
1043,131719.9375,361.7646789550781
1044,131031.421875,361.4713134765625
1045,130808.8203125,361.7284240722656
1046,130979.921875,362.2377624511719
1047,131388.921875,363.0147399902344
1048,131886.453125,363.50469970703125
1049,132321.21875,364.0192565917969
1050,132603.71875,364.0040283203125
1051,132688.390625,364.03717041015625
1052,132615.4375,363.5880432128906
1053,132381.9375,363.2450866699219
1054,132049.0,362.5834045410156
1055,131647.1875,362.1518249511719
1056,131272.40625,361.6250305175781
1057,130941.40625,361.3398742675781
1058,130698.1875,361.0673828125
1059,130524.8984375,360.9449157714844
1060,130423.015625,360.8812255859375
1061,130379.609375,360.87274169921875
1062,130378.109375,360.9525146484375
1063,130420.328125,361.0581359863281
1064,130518.40625,361.3555603027344
1065,130698.7578125,361.70654296875
1066,131000.109375,362.4883728027344
1067,131500.703125,363.43292236328125
1068,132268.453125,365.42901611328125
1069,133611.140625,367.9584045410156
1070,135602.5,372.48480224609375
1071,138762.765625,377.9381408691406
1072,143075.1875,385.382568359375
1073,148454.171875,392.5440979003906
1074,154347.78125,396.5550842285156
1075,157118.1875,393.36798095703125
1076,154984.25,381.2806091308594
1077,145297.546875,366.8804016113281
1078,134768.546875,360.55902099609375
1079,130104.8125,365.19329833984375
1080,133413.421875,373.2142333984375
1081,139516.6875,375.8395690917969
1082,141243.96875,370.1627502441406
1083,137225.875,362.7292175292969
1084,131636.1875,360.7152404785156
1085,130210.28125,364.6850891113281
1086,133169.59375,368.5934753417969
1087,135889.21875,367.091796875
1088,134955.1875,362.7514953613281
1089,131668.28125,360.2579345703125
1090,129919.6171875,361.8740539550781
1091,131122.046875,364.75
1092,133103.546875,364.7507629394531
1093,133223.609375,362.44970703125
1094,131436.765625,360.25164794921875
1095,129906.953125,360.558837890625
1096,130144.7265625,362.3301086425781
1097,131361.140625,362.8604736328125
1098,131841.25,361.91949462890625
1099,131070.25,360.29364013671875
1100,129959.296875,359.871337890625
1101,129643.28125,360.6785888671875
1102,130191.859375,361.3919677734375
1103,130764.9765625,361.40142822265625
1104,130695.3984375,360.44940185546875
1105,130071.0859375,359.7498779296875
1106,129539.5234375,359.6987609863281
1107,129508.40625,360.1331787109375
1108,129851.7734375,360.6590576171875
1109,130179.3125,360.5560607910156
1110,130160.9296875,360.204345703125
1111,129856.1953125,359.6295166015625
1112,129481.25,359.3797302246094
1113,129285.6875,359.4306335449219
1114,129317.0078125,359.61224365234375
1115,129475.0546875,359.859619140625
1116,129619.234375,359.8157043457031
1117,129631.7109375,359.7337951660156
1118,129530.546875,359.429443359375
1119,129344.5234375,359.236572265625
1120,129179.640625,359.0747375488281
1121,129076.296875,359.0437927246094
1122,129056.8125,359.1114807128906
1123,129094.328125,359.1513977050781
1124,129144.5859375,359.2365417480469
1125,129180.2890625,359.1891784667969
1126,129174.5390625,359.1934814453125
1127,129148.0546875,359.0702819824219
1128,129084.921875,359.01654052734375
1129,129019.3125,358.87744140625
1130,128940.2734375,358.8023986816406
1131,128870.8046875,358.70050048828125
1132,128810.6171875,358.64593505859375
1133,128766.0703125,358.6044921875
1134,128738.0234375,358.5775451660156
1135,128722.375,358.5817565917969
1136,128716.515625,358.5687561035156
1137,128718.625,358.6151123046875
1138,128735.2734375,358.6309814453125
1139,128766.0234375,358.7393798828125
1140,128818.0390625,358.8004455566406
1141,128893.5546875,359.00445556640625
1142,129004.0234375,359.1413269042969
1143,129143.890625,359.5023193359375
1144,129350.921875,359.78790283203125
1145,129612.34375,360.43646240234375
1146,130008.4140625,361.0278625488281
1147,130511.125,362.1816101074219
1148,131250.21875,363.33367919921875
1149,132190.65625,365.26202392578125
1150,133467.546875,367.1073303222656
1151,134959.15625,369.71124267578125
1152,136708.859375,372.0097961425781
1153,138588.953125,374.1838684082031
1154,140002.84375,374.529052734375
1155,140470.578125,373.1466979980469
1156,139227.640625,369.26507568359375
1157,136536.875,364.658203125
1158,133010.390625,360.2224426269531
1159,129907.015625,358.0731201171875
1160,128318.984375,358.3747253417969
1161,128531.953125,360.2647399902344
1162,129949.1953125,362.63006591796875
1163,131557.5625,363.7978820800781
1164,132518.171875,363.6377868652344
1165,132279.984375,361.78582763671875
1166,131048.5078125,359.6960754394531
1167,129457.5859375,358.0317687988281
1168,128318.578125,357.682373046875
1169,128063.1015625,358.42730712890625
1170,128573.65625,359.456787109375
1171,129371.4296875,360.3769836425781
1172,129954.8203125,360.3802490234375
1173,130033.328125,359.89617919921875
1174,129601.765625,358.8248596191406
1175,128897.734375,357.9732971191406
1176,128242.5390625,357.43658447265625
1177,127885.6484375,357.4365539550781
1178,127892.34375,357.83074951171875
1179,128152.921875,358.2449645996094
1180,128491.3203125,358.7120056152344
1181,128772.7109375,358.8114318847656
1182,128897.234375,358.9284362792969
1183,128916.9609375,358.623779296875
1184,128755.765625,358.3730773925781
1185,128523.765625,357.8828430175781
1186,128224.7734375,357.54437255859375
1187,127950.6875,357.2054138183594
1188,127740.0859375,357.044677734375
1189,127612.5625,356.97247314453125
1190,127564.0,356.9905700683594
1191,127580.421875,357.1102600097656
1192,127647.1484375,357.2145690917969
1193,127743.65625,357.45330810546875
1194,127883.375,357.6221618652344
1195,128043.21875,358.00640869140625
1196,128274.171875,358.3346252441406
1197,128562.2578125,359.04730224609375
1198,129010.0234375,359.74847412109375
1199,129583.6640625,361.0537414550781
1200,130435.3203125,362.4398498535156
1201,131532.265625,364.6676025390625
1202,133033.4375,366.9225769042969
1203,134810.734375,369.8678283691406
1204,136822.421875,372.2735595703125
1205,138771.109375,374.1166076660156
1206,139955.484375,374.27532958984375
1207,140258.421875,372.2137451171875
1208,138535.109375,367.8079833984375
1209,135445.625,362.7207336425781
1210,131605.59375,358.2840881347656
1211,128499.0234375,356.5337219238281
1212,127217.3984375,357.4660339355469
1213,127866.1796875,359.755615234375
1214,129574.359375,362.0352478027344
1215,131122.125,362.6985168457031
1216,131704.390625,361.75531005859375
1217,130915.2109375,359.4748840332031
1218,129360.28125,357.4440002441406
1219,127845.9609375,356.3458251953125
1220,127095.6171875,356.60015869140625
1221,127291.140625,357.7419128417969
1222,128068.1171875,358.75634765625
1223,128856.65625,359.3568420410156
1224,129212.984375,358.9706115722656
1225,129006.0546875,358.1421813964844
1226,128341.6640625,356.9978332519531
1227,127574.4453125,356.27630615234375
1228,127031.671875,356.0545959472656
1229,126886.75,356.3148498535156
1230,127092.0234375,356.87640380859375
1231,127460.3359375,357.275390625
1232,127789.390625,357.61102294921875
1233,127973.8828125,357.5077819824219
1234,127951.4296875,357.33465576171875
1235,127772.4609375,356.8450012207031
1236,127471.046875,356.4540100097656
1237,127155.7734375,356.0283203125
1238,126886.8203125,355.8047790527344
1239,126716.2890625,355.6988220214844
1240,126649.3671875,355.7168273925781
1241,126666.7421875,355.8456726074219
1242,126741.015625,355.9666748046875
1243,126846.3359375,356.2155456542969
1244,126992.8671875,356.3787841796875
1245,127144.8125,356.7071228027344
1246,127339.5703125,356.9353942871094
1247,127550.546875,357.4284973144531
1248,127852.9296875,357.84619140625
1249,128208.7890625,358.65020751953125
1250,128719.4375,359.42633056640625
1251,129344.3125,360.7380065917969
1252,130205.5234375,362.01837158203125
1253,131216.375,363.8420104980469
1254,132437.0,365.4678649902344
1255,133729.796875,367.3677673339844
1256,134995.640625,368.57135009765625
1257,136006.84375,369.28369140625
1258,136391.515625,368.6636657714844
1259,136068.6875,366.7458801269531
1260,134527.515625,363.4720153808594
1261,132254.84375,359.84283447265625
1262,129544.5546875,356.75592041015625
1263,127401.7578125,355.30328369140625
1264,126340.71875,355.4637451171875
1265,126453.8984375,356.707763671875
1266,127375.546875,358.4065856933594
1267,128530.328125,359.5872497558594
1268,129443.3828125,360.0339050292969
1269,129690.09375,359.3763427734375
1270,129289.5546875,358.1556701660156
1271,128350.4375,356.6108703613281
1272,127301.578125,355.5093078613281
1273,126484.0625,354.95367431640625
1274,126110.4921875,355.04901123046875
1275,126184.9453125,355.6045227050781
1276,126554.765625,356.20263671875
1277,127013.5078125,356.779296875
1278,127376.921875,356.9498596191406
1279,127545.8125,356.9255065917969
1280,127479.0390625,356.5254211425781
1281,127242.2734375,356.11297607421875
1282,126906.53125,355.5567932128906
1283,126549.6640625,355.17413330078125
1284,126249.40625,354.8294677734375
1285,126026.1796875,354.6642150878906
1286,125895.703125,354.5862121582031
1287,125843.125,354.59381103515625
1288,125852.890625,354.6871032714844
1289,125910.25,354.78729248046875
1290,126000.6796875,354.9978332519531
1291,126128.1796875,355.1891174316406
1292,126293.125,355.5580749511719
1293,126521.34375,355.95404052734375
1294,126840.6015625,356.7585754394531
1295,127367.234375,357.72491455078125
1296,128108.1875,359.4442138671875
1297,129276.2265625,361.6546325683594
1298,130937.359375,365.4753112792969
1299,133623.140625,370.2730712890625
1300,137250.015625,376.8386535644531
1301,142009.40625,384.09246826171875
1302,147670.796875,389.592041015625
1303,151727.796875,391.6865539550781
1304,153562.84375,383.7778625488281
1305,147235.40625,370.99932861328125
1306,137766.359375,358.3729248046875
1307,128481.4296875,354.51507568359375
1308,125763.0234375,359.9361267089844
1309,129686.1796875,367.363037109375
1310,134980.6875,369.36981201171875
1311,136575.0,363.96923828125
1312,132495.6875,356.7196350097656
1313,127350.796875,354.463623046875
1314,125731.234375,357.9468078613281
1315,128188.625,361.8769836425781
1316,131091.171875,361.7225646972656
1317,130894.4453125,357.8645324707031
1318,128191.125,354.57623291015625
1319,125813.8125,354.7940368652344
1320,125965.1171875,357.2514343261719
1321,127745.1640625,358.675537109375
1322,128702.3671875,357.3899841308594
1323,127840.28125,355.09130859375
1324,126166.2890625,354.0339050292969
1325,125436.4921875,354.89495849609375
1326,126065.1484375,356.2817687988281
1327,127012.640625,356.45648193359375
1328,127178.234375,355.4440002441406
1329,126415.8203125,354.1910705566406
1330,125551.9140625,353.8722839355469
1331,125323.6171875,354.4730224609375
1332,125737.625,355.122802734375
1333,126225.9296875,355.2514953613281
1334,126289.4921875,354.654541015625
1335,125901.7265625,353.9900817871094
1336,125411.875,353.63592529296875
1337,125167.3515625,353.7760925292969
1338,125268.578125,354.1804504394531
1339,125538.25,354.4001159667969
1340,125719.921875,354.3687744140625
1341,125675.9453125,354.0194091796875
1342,125455.515625,353.67999267578125
1343,125198.40625,353.4382019042969
1344,125037.46875,353.4075012207031
1345,125017.6484375,353.5349426269531
1346,125101.65625,353.67919921875
1347,125218.4296875,353.80908203125
1348,125291.3984375,353.7838439941406
1349,125293.6640625,353.7431335449219
1350,125246.671875,353.5841369628906
1351,125152.328125,353.4465026855469
1352,125038.671875,353.28582763671875
1353,124935.046875,353.1895751953125
1354,124858.5,353.12066650390625
1355,124813.4296875,353.0945129394531
1356,124794.6953125,353.1014099121094
1357,124795.9140625,353.1113586425781
1358,124808.78125,353.1523742675781
1359,124829.828125,353.16864013671875
1360,124853.0859375,353.2375183105469
1361,124890.5078125,353.2767639160156
1362,124930.8828125,353.3893127441406
1363,124993.0234375,353.47503662109375
1364,125069.96875,353.66888427734375
1365,125187.3359375,353.86614990234375
1366,125347.6875,354.2367858886719
1367,125585.203125,354.66485595703125
1368,125914.46875,355.3922424316406
1369,126398.625,356.3118591308594
1370,127087.296875,357.7420654296875
1371,128064.9609375,359.63897705078125
1372,129473.109375,362.2877197265625
1373,131320.015625,365.6617431640625
1374,133845.0625,369.72882080078125
1375,136738.390625,374.4012145996094
1376,140315.921875,377.98004150390625
1377,142877.921875,380.4975280761719
1378,144917.265625,378.3735046386719
1379,143164.140625,372.6960754394531
1380,139022.265625,363.8784484863281
1381,132436.125,355.9210510253906
1382,126780.0859375,352.6856689453125
1383,124462.7734375,354.78179931640625
1384,125935.1484375,359.2204895019531
1385,129154.546875,362.1043701171875
1386,131158.734375,361.3122863769531
1387,130649.96875,357.46807861328125
1388,127829.609375,353.67236328125
1389,125169.734375,352.64752197265625
1390,124441.2890625,354.4084167480469
1391,125674.0390625,356.6986083984375
1392,127346.78125,357.40008544921875
1393,127801.71875,356.0056457519531
1394,126852.3125,353.8227844238281
1395,125268.203125,352.50299072265625
1396,124347.1796875,352.8013610839844
1397,124556.9609375,354.0327453613281
1398,125405.46875,354.87823486328125
1399,126039.359375,354.7362365722656
1400,125905.75,353.72442626953125
1401,125219.703125,352.708251953125
1402,124479.140625,352.2520751953125
1403,124163.25,352.50994873046875
1404,124349.6796875,353.1202697753906
1405,124763.6015625,353.50164794921875
1406,125058.171875,353.5
1407,125034.078125,353.0505065917969
1408,124743.5078125,352.5364074707031
1409,124364.4453125,352.127197265625
1410,124088.9921875,352.01806640625
1411,124009.7890625,352.1473083496094
1412,124094.8515625,352.3601989746094
1413,124254.6875,352.583740234375
1414,124398.3203125,352.6460876464844
1415,124461.96875,352.6233825683594
1416,124429.1015625,352.45281982421875
1417,124327.78125,352.27203369140625
1418,124186.3046875,352.0611877441406
1419,124048.953125,351.90582275390625
1420,123930.7578125,351.7807922363281
1421,123848.375,351.7214050292969
1422,123804.53125,351.7068176269531
1423,123793.8984375,351.7192077636719
1424,123806.75,351.7623291015625
1425,123832.734375,351.79718017578125
1426,123864.0703125,351.85687255859375
1427,123897.390625,351.8992004394531
1428,123936.2421875,351.97314453125
1429,123977.2109375,352.03045654296875
1430,124029.15625,352.1363525390625
1431,124091.40625,352.2402038574219
1432,124179.0078125,352.4281005859375
1433,124295.7890625,352.6503601074219
1434,124468.4609375,353.05902099609375
1435,124737.2421875,353.5874938964844
1436,125130.3984375,354.4736633300781
1437,125730.59375,355.6687316894531
1438,126605.890625,357.5419921875
1439,127905.4609375,360.1797180175781
1440,129836.625,363.90350341796875
1441,132476.390625,369.3749084472656
1442,136544.4375,379.1399230957031
1443,143759.15625,390.7202453613281
1444,152772.171875,397.0613098144531
1445,157583.328125,398.6813049316406
1446,159015.03125,385.3919372558594
1447,148492.6875,363.8680419921875
1448,132475.34375,351.8699951171875
1449,123851.21875,357.15673828125
1450,127574.328125,367.176513671875
1451,134888.28125,367.3541259765625
1452,134927.296875,357.12225341796875
1453,127613.6875,351.8213195800781
1454,123826.8125,357.8512268066406
1455,128072.71875,362.37200927734375
1456,131413.765625,357.0874328613281
1457,127545.140625,351.75531005859375
1458,123812.0625,354.3074035644531
1459,125640.0078125,358.1994323730469
1460,128360.8671875,355.9788513183594
1461,126833.4296875,351.91693115234375
1462,123922.6015625,352.6929626464844
1463,124464.828125,355.598388671875
1464,126559.59375,354.8557434082031
1465,125982.5703125,351.9603576660156
1466,123959.9921875,351.7293701171875
1467,123795.1796875,353.7324523925781
1468,125184.4609375,353.9245300292969
1469,125353.8828125,352.0992431640625
1470,124034.1015625,351.2356262207031
1471,123430.09375,352.2956237792969
1472,124189.75,353.0184326171875
1473,124674.7421875,352.1107177734375
1474,124063.53125,351.09967041015625
1475,123342.234375,351.3575439453125
1476,123519.9453125,352.0901184082031
1477,124051.2578125,352.0307922363281
1478,123987.7421875,351.23199462890625
1479,123444.3515625,350.8785400390625
1480,123192.046875,351.2552490234375
1481,123448.15625,351.6038818359375
1482,123712.171875,351.4176330566406
1483,123565.2265625,350.9027404785156
1484,123220.4765625,350.71087646484375
1485,123082.359375,350.9331970214844
1486,123232.890625,351.13885498046875
1487,123390.7421875,351.0581359863281
1488,123319.859375,350.7431640625
1489,123109.53125,350.5647277832031
1490,122983.0390625,350.6348571777344
1491,123032.0546875,350.7709045410156
1492,123135.0234375,350.7892761230469
1493,123139.0859375,350.6199645996094
1494,123029.4765625,350.4598388671875
1495,122913.59375,350.416015625
1496,122883.21875,350.47467041015625
1497,122927.640625,350.5353088378906
1498,122966.265625,350.48907470703125
1499,122940.5,350.3908386230469
1500,122865.921875,350.2940979003906
